lang,word_original,word_translation,blank_prompt_original,blank_prompt_translation,blank_prompt_translation_masked,error
fr,cloud,nuage,"A ""cloud"" is a visible mass of condensed water vapor floating in the atmosphere. Answer: ""cloud"".","Un ""nuage"" est une masse visible de vapeur d'eau condensée flottant dans l'atmosphère. Réponse : ""nuage"".","Un ""___"" est une masse visible de vapeur d'eau condensée flottant dans l'atmosphère. Réponse : ""nuage"".",no error
fr,bag,sac,"A ""bag"" is used to carry items. Answer: ""bag"".","Un ""sac"" est utilisé pour transporter des objets. Réponse : ""sac"".","Un ""___"" est utilisé pour transporter des objets. Réponse : ""sac"".",no error
fr,mouth,bouche,"A ""mouth"" is used to eat food and speak. Answer: ""mouth"".","La ""bouche"" sert à manger et à parler. Réponse : la ""bouche"".","La ""___"" sert à manger et à parler. Réponse : la ""bouche"".",no error
fr,soil,sol,"""A ""soil"" is used for planting trees and crops. Answer: ""soil"".""","""Un ""sol"" est utilisé pour planter des arbres et des cultures. Réponse : ""sol"".","""Un ""___"" est utilisé pour planter des arbres et des cultures. Réponse : ""sol"".",no error
fr,mountain,montagne,"A ""mountain"" is a large natural elevation of the earth's surface. Answer: ""mountain"".","Une ""montagne"" est une grande élévation naturelle de la surface de la terre. Réponse : ""montagne"".","Une ""___"" est une grande élévation naturelle de la surface de la terre. Réponse : ""montagne"".",no error
fr,heart,cœur,"A ""heart"" is an organ that pumps blood throughout the body. Answer: ""heart"".","Le ""cœur"" est un organe qui pompe le sang dans tout le corps. Réponse : le ""cœur"".","Le ""___"" est un organe qui pompe le sang dans tout le corps. Réponse : le ""cœur"".",no error
fr,hand,main,"A ""hand"" is used to grasp or hold objects. Answer: ""hand"".","Une ""main"" est utilisée pour saisir ou tenir des objets. Réponse : la ""main"".","Une ""___"" est utilisée pour saisir ou tenir des objets. Réponse : la ""main"".",no error
fr,day,jour,"A ""day"" is a period of 24 hours, often understood as the time it takes for the Earth to complete one rotation. Answer: ""day"".","Un ""jour"" est une période de 24 heures, souvent comprise comme le temps nécessaire à la Terre pour effectuer une rotation. Réponse : ""jour"".","Un ""___"" est une période de 24 heures, souvent comprise comme le temps nécessaire à la Terre pour effectuer une rotation. Réponse : ""jour"".",no error
fr,star,étoile,"A ""star"" is a celestial body that shines in the night sky. Answer: ""star"".","Une ""étoile"" est un corps céleste qui brille dans le ciel nocturne. Réponse : ""étoile"".","Une ""___"" est un corps céleste qui brille dans le ciel nocturne. Réponse : ""étoile"".",no error
fr,spring,ressort,"A ""spring"" is a device that stores mechanical energy and can be compressed or stretched. Answer: ""spring"".","Un ""ressort"" est un dispositif qui emmagasine de l'énergie mécanique et qui peut être comprimé ou étiré. Réponse : le ""ressort"".","Un ""___"" est un dispositif qui emmagasine de l'énergie mécanique et qui peut être comprimé ou étiré. Réponse : le ""ressort"".",no error
fr,moon,lune,"A ""moon"" is a natural satellite that orbits around a planet. Answer: ""moon"".","Une ""lune"" est un satellite naturel qui tourne autour d'une planète. Réponse : ""lune"".","Une ""___"" est un satellite naturel qui tourne autour d'une planète. Réponse : ""lune"".",no error
fr,wood,bois,"A ""wood"" is used to make furniture. Answer: ""wood"".","Un ""bois"" est utilisé pour fabriquer des meubles. Réponse : le ""bois"".","Un ""___"" est utilisé pour fabriquer des meubles. Réponse : le ""bois"".",no error
fr,village,village,"A ""village"" is a small community or group of houses in a rural area. Answer: ""village"".","Un ""village"" est une petite communauté ou un groupe de maisons dans une zone rurale. Réponse : ""village"".","Un ""___"" est une petite communauté ou un groupe de maisons dans une zone rurale. Réponse : ""village"".",no error
fr,forest,forêt,"A ""forest"" is a large area covered chiefly with trees and undergrowth. Answer: ""forest"".","Une ""forêt"" est une vaste zone couverte principalement d'arbres et de sous-bois. Réponse : ""forêt"".","Une ""___"" est une vaste zone couverte principalement d'arbres et de sous-bois. Réponse : ""forêt"".",no error
fr,fruit,fruit,"'A ""fruit"" is a type of food that is often sweet and comes from a plant. Answer: ""fruit"".'","Un ""fruit"" est un type d'aliment souvent sucré provenant d'une plante. Réponse : ""fruit"".","Un ""___"" est un type d'aliment souvent sucré provenant d'une plante. Réponse : ""fruit"".",no error
fr,grid,grille,"A ""grid"" is a network of lines that cross each other to form a series of squares or rectangles. Answer: ""grid"".","Une ""grille"" est un réseau de lignes qui se croisent pour former une série de carrés ou de rectangles. Réponse : ""grille"".","Une ""___"" est un réseau de lignes qui se croisent pour former une série de carrés ou de rectangles. Réponse : ""grille"".",no error
fr,song,chanson,"A ""song"" is a piece of music with words that is sung. Answer: ""song"".","Une ""chanson"" est un morceau de musique avec des paroles qui est chanté. Réponse : ""chanson"".","Une ""___"" est un morceau de musique avec des paroles qui est chanté. Réponse : ""chanson"".",no error
fr,pond,étang,"A ""pond"" is a small body of still water. Answer: ""pond"".","Un ""étang"" est une petite étendue d'eau calme. Réponse : ""étang"".","Un ""___"" est une petite étendue d'eau calme. Réponse : ""étang"".",no error
fr,sand,sable,"""A ""sand"" is used to build castles at the beach. Answer: ""sand"".""","""Un ""sable"" est utilisé pour construire des châteaux à la plage. Réponse : ""sable"".","""Un ""___"" est utilisé pour construire des châteaux à la plage. Réponse : ""sable"".",no error
fr,law,loi,"'A ""law"" is a system of rules that a society or government develops in order to deal with crime, business agreements, and social relationships. Answer: ""law"".'","Une ""loi"" est un système de règles qu'une société ou un gouvernement élabore pour lutter contre la criminalité, les accords commerciaux et les relations sociales. Réponse : ""loi"".","Une ""___"" est un système de règles qu'une société ou un gouvernement élabore pour lutter contre la criminalité, les accords commerciaux et les relations sociales. Réponse : ""loi"".",no error
fr,wave,onde,"A ""wave"" is a disturbance that transfers energy through matter or space. Answer: ""wave"".","Une ""onde"" est une perturbation qui transfère de l'énergie dans la matière ou l'espace. Réponse : ""onde"".","Une ""___"" est une perturbation qui transfère de l'énergie dans la matière ou l'espace. Réponse : ""onde"".",no error
fr,ocean,océan,"An ""ocean"" is a large body of salt water that covers most of the earth's surface. Answer: ""ocean"".","Un ""océan"" est une grande étendue d'eau salée qui recouvre la majeure partie de la surface de la terre. Réponse : ""océan"".","Un ""___"" est une grande étendue d'eau salée qui recouvre la majeure partie de la surface de la terre. Réponse : ""océan"".",no error
fr,cave,grotte,"A ""cave"" is a natural underground space large enough for a human to enter. Answer: ""cave"".","Une ""grotte"" est un espace souterrain naturel suffisamment grand pour qu'un être humain puisse y pénétrer. Réponse : ""grotte"".","Une ""___"" est un espace souterrain naturel suffisamment grand pour qu'un être humain puisse y pénétrer. Réponse : ""grotte"".",no error
fr,sea,mer,"A ""sea"" is a large body of saltwater that is smaller than an ocean. Answer: ""sea"".","Une ""mer"" est une grande étendue d'eau salée plus petite qu'un océan. Réponse : ""mer"".","Une ""___"" est une grande étendue d'eau salée plus petite qu'un océan. Réponse : ""mer"".",no error
fr,lake,lac,"A ""lake"" is a large body of water surrounded by land. Answer: ""lake"".","Un ""lac"" est une grande étendue d'eau entourée de terre. Réponse : ""lac"".","Un ""___"" est une grande étendue d'eau entourée de terre. Réponse : ""lac"".",no error
fr,source,source,"A ""source"" is used to provide information or data. Answer: ""source"".","Une ""source"" est utilisée pour fournir des informations ou des données. Réponse : ""source"".","Une ""___"" est utilisée pour fournir des informations ou des données. Réponse : ""source"".",no error
fr,point,point,"A ""point"" is a specific location in space. Answer: ""point"".","Un ""point"" est un endroit précis dans l'espace. Réponse : ""point"".","Un ""___"" est un endroit précis dans l'espace. Réponse : ""point"".",no error
fr,version,version,"A ""version"" is used to denote different forms or stages in the development of something. Answer: ""version"".","Une ""version"" est utilisée pour désigner différentes formes ou étapes dans le développement de quelque chose. Réponse : ""version"".","Une ""___"" est utilisée pour désigner différentes formes ou étapes dans le développement de quelque chose. Réponse : ""version"".",no error
fr,ball,ballon,"A ""ball"" is used to play sports like soccer and basketball. Answer: ""ball"".","Un ""ballon"" est utilisé pour jouer à des sports comme le football et le basket-ball. Réponse : Le ""ballon"".","Un ""___"" est utilisé pour jouer à des sports comme le football et le basket-ball. Réponse : Le ""ballon"".",no error
fr,station,gare,"A ""station"" is a place where trains or buses regularly stop so that passengers can get on or off. Answer: ""station"".","Une ""gare"" est un endroit où les trains ou les bus s'arrêtent régulièrement pour que les passagers puissent monter ou descendre. Réponse : ""gare"".","Une ""___"" est un endroit où les trains ou les bus s'arrêtent régulièrement pour que les passagers puissent monter ou descendre. Réponse : ""gare"".",no error
fr,rice,riz,"A ""rice"" is a grain that is commonly used in cooking and is a staple food in many countries. Answer: ""rice"".","Le ""riz"" est une céréale couramment utilisée en cuisine et constitue un aliment de base dans de nombreux pays. Réponse : Le ""riz"".","Le ""___"" est une céréale couramment utilisée en cuisine et constitue un aliment de base dans de nombreux pays. Réponse : Le ""riz"".",no error
fr,red,rouge,"'A ""red"" is a color often associated with love and passion. Answer: ""red"".'","Le ""rouge"" est une couleur souvent associée à l'amour et à la passion. Réponse : ""rouge"".","Le ""___"" est une couleur souvent associée à l'amour et à la passion. Réponse : ""rouge"".",no error
fr,line,ligne,"A ""line"" is a narrow continuous mark, as that made by a pen, pencil, or brush. Answer: ""line"".","Une ""ligne"" est une marque étroite et continue, comme celle faite par un stylo, un crayon ou un pinceau. Réponse : ""ligne"".","Une ""___"" est une marque étroite et continue, comme celle faite par un stylo, un crayon ou un pinceau. Réponse : ""ligne"".",no error
fr,net,filet,"A ""net"" is used in sports like volleyball and tennis to divide the playing area. Answer: ""net"".","Un ""filet"" est utilisé dans des sports comme le volley-ball et le tennis pour diviser l'aire de jeu. Réponse : le ""filet"".","Un ""___"" est utilisé dans des sports comme le volley-ball et le tennis pour diviser l'aire de jeu. Réponse : le ""filet"".",no error
fr,flower,fleur,"A ""flower"" is often given as a gift and can be found in gardens. Answer: ""flower"".","Une ""fleur"" est souvent offerte en cadeau et se trouve dans les jardins. Réponse : ""fleur"".","Une ""___"" est souvent offerte en cadeau et se trouve dans les jardins. Réponse : ""fleur"".",no error
fr,tea,thé,"A ""tea"" is a beverage often consumed for relaxation or warmth. Answer: ""tea"".","Un ""thé"" est une boisson souvent consommée pour se détendre ou se réchauffer. Réponse : le ""thé"".","Un ""___"" est une boisson souvent consommée pour se détendre ou se réchauffer. Réponse : le ""thé"".",no error
fr,foot,pied,"A ""foot"" is used for walking and running. Answer: ""foot"".","Le ""pied"" sert à marcher et à courir. Réponse : le ""pied"".","Le ""___"" sert à marcher et à courir. Réponse : le ""pied"".",no error
fr,gold,or,"""A ""gold"" is a precious metal that is often used in jewelry. Answer: ""gold"".""","""Un ""or"" est un métal précieux qui est souvent utilisé dans la fabrication de bijoux. Réponse : ""l'or"".","""Un ""___"" est un métal précieux qui est souvent utilisé dans la fabrication de bijoux. Réponse : ""l'or"".",no error
fr,door,porte,"A ""door"" is used for entering or exiting a room. Answer: ""door"".","Une ""porte"" est utilisée pour entrer ou sortir d'une pièce. Réponse : ""porte"".","Une ""___"" est utilisée pour entrer ou sortir d'une pièce. Réponse : ""porte"".",no error
fr,snow,neige,"""A ""snow"" is a form of precipitation that falls from the sky during winter. Answer: ""snow"".""","""Une ""neige"" est une forme de précipitation qui tombe du ciel en hiver. Réponse : ""neige"".","""Une ""___"" est une forme de précipitation qui tombe du ciel en hiver. Réponse : ""neige"".",no error
fr,horse,cheval,"A ""horse"" is a large domesticated animal with four legs, commonly used for riding and racing. Answer: ""horse"".","Un ""cheval"" est un grand animal domestique à quatre pattes, couramment utilisé pour l'équitation et les courses. Réponse : ""cheval"".","Un ""___"" est un grand animal domestique à quatre pattes, couramment utilisé pour l'équitation et les courses. Réponse : ""cheval"".",no error
fr,one,un,"A ""one"" is a number that comes after zero and before two. Answer: ""one"".","Un ""un"" est un nombre qui vient après zéro et avant deux. Réponse : ""un"".","""___"" ""un"" est un nombre qui vient après zéro et avant deux. Réponse : ""un"".",no error
fr,two,deux,"The number ""two"" is the sum of one plus one. Answer: ""two"".","Le nombre ""deux"" est la somme de un plus un. Réponse : ""deux"".","Le nombre ""___"" est la somme de un plus un. Réponse : ""deux"".",no error
fr,three,trois,"The number that comes after two is ""three"". Answer: ""three"".","Le nombre qui vient après deux est ""trois"". Réponse : ""trois"".","Le nombre qui vient après deux est ""___"". Réponse : ""trois"".",no error
fr,four,quatre,"The number ""four"" is the integer that comes after three. Answer: ""four"".","Le nombre ""quatre"" est le nombre entier qui vient après trois. Réponse : ""quatre"".","Le nombre ""___"" est le nombre entier qui vient après trois. Réponse : ""quatre"".",no error
fr,five,cinq,"The number that comes after four is ""five"". Answer: ""five"".","Le chiffre qui vient après quatre est ""cinq"". Réponse : ""cinq"".","Le chiffre qui vient après quatre est ""___"". Réponse : ""cinq"".",no error
fr,six,six,"The number that comes after five is ""six"". Answer: ""six"".","Le chiffre qui vient après cinq est ""six"". Réponse : ""six"".","Le chiffre qui vient après cinq est ""___"". Réponse : ""six"".",no error
fr,seven,sept,"The number ""seven"" comes after six. Answer: ""seven"".","Le chiffre ""sept"" vient après le six. Réponse : ""sept"".","Le chiffre ""___"" vient après le six. Réponse : ""sept"".",no error
fr,eight,huit,"The number ""eight"" comes after seven. Answer: ""eight"".","Le chiffre ""huit"" vient après le sept. Réponse : ""huit"".","Le chiffre ""___"" vient après le sept. Réponse : ""huit"".",no error
fr,nine,neuf,"The number that comes after eight is ""nine"". Answer: ""nine"".","Le chiffre qui vient après huit est ""neuf"". Réponse : ""neuf"".","Le chiffre qui vient après huit est ""___"". Réponse : ""neuf"".",no error
fr,ten,dix,"The number that comes after nine is ""ten"". Answer: ""ten"".","Le chiffre qui vient après neuf est ""dix"". Réponse : ""dix"".","Le chiffre qui vient après neuf est ""___"". Réponse : ""dix"".",no error
fr,head,tête,"'A ""head"" is a part of the body that contains the brain, eyes, ears, nose, and mouth. Answer: ""head"".'","Une ""tête"" est une partie du corps qui contient le cerveau, les yeux, les oreilles, le nez et la bouche. Réponse : ""tête"" : ""tête"".","Une ""___"" est une partie du corps qui contient le cerveau, les yeux, les oreilles, le nez et la bouche. Réponse : ""tête"" : ""tête"".",no error
fr,strip,bande,"A ""strip"" is a long, narrow piece of a certain material. Answer: ""strip"".","Une ""bande"" est un morceau long et étroit d'un certain matériau. Réponse : ""bande"".","Une ""___"" est un morceau long et étroit d'un certain matériau. Réponse : ""bande"".",no error
fr,street,rue,"A ""street"" is a public road in a city, town, or village. Answer: ""street"".","Une ""rue"" est une voie publique dans une ville ou un village. Réponse : ""rue"".","Une ""___"" est une voie publique dans une ville ou un village. Réponse : ""rue"".",no error
fr,part,partie,"A ""part"" is used to make up a whole. Answer: ""part"".","Une ""partie"" est utilisée pour constituer un tout. Réponse : ""partie"".","Une ""___"" est utilisée pour constituer un tout. Réponse : ""partie"".",no error
fr,eye,œil,"A ""eye"" is used to see everything around us. Answer: ""eye"".","Un ""œil"" sert à voir tout ce qui nous entoure. Réponse : ""œil"".","Un ""___"" sert à voir tout ce qui nous entoure. Réponse : ""œil"".",no error
fr,field,champ,"A ""field"" is a wide area of open land where crops are grown. Answer: ""field"".","Un ""champ"" est une vaste zone de terre ouverte où l'on cultive des plantes. Réponse : ""champ"".","Un ""___"" est une vaste zone de terre ouverte où l'on cultive des plantes. Réponse : ""champ"".",no error
fr,site,site,"A ""site"" is a location where something is, was, or will be built. Answer: ""site"".","Un ""site"" est un endroit où quelque chose est, a été ou sera construit. Réponse : ""site"".","Un ""___"" est un endroit où quelque chose est, a été ou sera construit. Réponse : ""site"".",no error
fr,dance,danse,"A ""dance"" is a form of art that involves movement of the body, usually rhythmic and to music. Answer: ""dance"".","Une ""danse"" est une forme d'art qui implique des mouvements du corps, généralement rythmés et en musique. Réponse : la ""danse"".","Une ""___"" est une forme d'art qui implique des mouvements du corps, généralement rythmés et en musique. Réponse : la ""danse"".",no error
fr,word,mot,"A ""word"" is a single distinct meaningful element of speech or writing, used with others (or sometimes alone) to form a sentence and typically shown with a space on either side when written or printed. Answer: ""word"".","Un ""mot"" est un élément de discours ou d'écriture unique et distinct, utilisé avec d'autres (ou parfois seul) pour former une phrase et généralement représenté avec un espace de part et d'autre lorsqu'il est écrit ou imprimé. Réponse : ""mot"".","Un ""___"" est un élément de discours ou d'écriture unique et distinct, utilisé avec d'autres (ou parfois seul) pour former une phrase et généralement représenté avec un espace de part et d'autre lorsqu'il est écrit ou imprimé. Réponse : ""mot"".",no error
fr,pair,paire,"""A ""pair"" is a set of two things used together or regarded as a unit. Answer: ""pair"".""","""Une ""paire"" est un ensemble de deux choses utilisées ensemble ou considérées comme une unité. Réponse : ""paire"".","""Une ""___"" est un ensemble de deux choses utilisées ensemble ou considérées comme une unité. Réponse : ""paire"".",no error
fr,seat,siège,"A ""seat"" is used to sit and rest. Answer: ""seat"".","Un ""siège"" sert à s'asseoir et à se reposer. Réponse : ""siège"".","Un ""___"" sert à s'asseoir et à se reposer. Réponse : ""siège"".",no error
fr,light,lumière,"A ""light"" is used to illuminate dark spaces. Answer: ""light"".","Une ""lumière"" est utilisée pour éclairer les espaces sombres. Réponse : ""lumière"".","Une ""___"" est utilisée pour éclairer les espaces sombres. Réponse : ""lumière"".",no error
fr,thousand,mille,"A ""thousand"" is a numerical value that comes after nine hundred ninety-nine. Answer: ""thousand"".","Un ""mille"" est une valeur numérique qui vient après neuf cent quatre-vingt-dix-neuf. Réponse : ""mille"".","Un ""___"" est une valeur numérique qui vient après neuf cent quatre-vingt-dix-neuf. Réponse : ""mille"".",no error
fr,north,nord,"""The ""north"" is a cardinal direction often associated with cold and polar regions. Answer: ""north"".""","""Le ""nord"" est une direction cardinale souvent associée aux régions froides et polaires. Réponse : ""nord"".","""Le ""___"" est une direction cardinale souvent associée aux régions froides et polaires. Réponse : ""nord"".",no error
fr,machine,machine,"A ""machine"" is used to perform a specific task or produce something. Answer: ""machine"".","Une ""machine"" est utilisée pour effectuer une tâche spécifique ou produire quelque chose. Réponse : ""machine"".","Une ""___"" est utilisée pour effectuer une tâche spécifique ou produire quelque chose. Réponse : ""machine"".",no error
fr,time,temps,"""A ""clock"" is used to measure ""time"". Answer: ""time"".""","""Une ""horloge"" est utilisée pour mesurer le ""temps"". Réponse : le ""temps"""".","""Une ""horloge"" est utilisée pour mesurer le ""___"". Réponse : le ""temps"""".",no error
fr,position,position,"A ""position"" is a place where someone or something is located or has been put. Answer: ""position"".","Une ""position"" est un endroit où quelqu'un ou quelque chose se trouve ou a été placé. Réponse : ""position"".","Une ""___"" est un endroit où quelqu'un ou quelque chose se trouve ou a été placé. Réponse : ""position"".",no error
fr,province,province,"A ""province"" is a principal administrative division of certain countries or empires. Answer: ""province"".","Une ""province"" est une division administrative principale de certains pays ou empires. Réponse : ""province"".","Une ""___"" est une division administrative principale de certains pays ou empires. Réponse : ""province"".",no error
fr,exchange,bourse,"An ""exchange"" is a place where stocks, bonds, or other securities are bought and sold. Answer: ""exchange"".","Une ""bourse"" est un lieu où l'on achète et vend des actions, des obligations ou d'autres titres. Réponse : ""bourse"".","Une ""___"" est un lieu où l'on achète et vend des actions, des obligations ou d'autres titres. Réponse : ""bourse"".",no error
fr,middle,milieu,"""The ""middle"" is the point that is equally distant from the sides or outer boundaries of something. Answer: ""middle"".""","""Le ""milieu"" est le point qui se trouve à égale distance des côtés ou des limites extérieures d'une chose. Réponse : ""le ""milieu"".","""Le ""___"" est le point qui se trouve à égale distance des côtés ou des limites extérieures d'une chose. Réponse : ""le ""milieu"".",no error
fr,color,couleur,"""A ""color"" is used to identify or describe the appearance of objects. Answer: ""color"".""","""Une ""couleur"" est utilisée pour identifier ou décrire l'apparence des objets. Réponse : ""couleur"".","""Une ""___"" est utilisée pour identifier ou décrire l'apparence des objets. Réponse : ""couleur"".",no error
fr,kind,genre,"""A ""kind"" is a category or type of something. Answer: ""kind"".""","""Un ""genre"" est une catégorie ou un type de chose. Réponse : ""genre"".","""Un ""___"" est une catégorie ou un type de chose. Réponse : ""genre"".",no error
fr,judge,juge,"A ""judge"" is a person who presides over court proceedings, either alone or as a part of a panel of judges. Answer: ""judge"".","Un ""juge"" est une personne qui préside une procédure judiciaire, seule ou en tant que membre d'un collège de juges. Réponse : ""juge"".","Un ""___"" est une personne qui préside une procédure judiciaire, seule ou en tant que membre d'un collège de juges. Réponse : ""juge"".",no error
fr,school,école,"A ""school"" is a place where students go to learn. Answer: ""school"".","Une ""école"" est un lieu où les élèves se rendent pour apprendre. Réponse : ""l'école"".","Une ""___"" est un lieu où les élèves se rendent pour apprendre. Réponse : ""l'école"".",no error
fr,structure,structure,"A ""structure"" is a construction that has a specific purpose or function. Answer: ""structure"".","Une ""structure"" est une construction qui a un but ou une fonction spécifique. Réponse : ""structure"".","Une ""___"" est une construction qui a un but ou une fonction spécifique. Réponse : ""structure"".",no error
fr,tie,cravate,"A ""tie"" is worn around the neck as part of formal attire. Answer: ""tie"".","Une ""cravate"" est portée autour du cou dans le cadre d'une tenue de soirée. Réponse : ""cravate"".","Une ""___"" est portée autour du cou dans le cadre d'une tenue de soirée. Réponse : ""cravate"".",no error
fr,example,exemple,"An ""example"" is used to illustrate a point or concept. Answer: ""example"".","Un ""exemple"" est utilisé pour illustrer un point ou un concept. Réponse : ""exemple"".","Un ""___"" est utilisé pour illustrer un point ou un concept. Réponse : ""exemple"".",no error
fr,face,visage,"A ""face"" is the front part of a person's head, including the forehead, eyes, nose, and mouth. Answer: ""face"".","Le ""visage"" est la partie avant de la tête d'une personne, comprenant le front, les yeux, le nez et la bouche. Réponse : le ""visage"".","Le ""___"" est la partie avant de la tête d'une personne, comprenant le front, les yeux, le nez et la bouche. Réponse : le ""visage"".",no error
fr,bridge,pont,"A ""bridge"" is used to connect two areas separated by obstacles like rivers or roads. Answer: ""bridge"".","Un ""pont"" est utilisé pour relier deux zones séparées par des obstacles tels que des rivières ou des routes. Réponse : ""pont"".","Un ""___"" est utilisé pour relier deux zones séparées par des obstacles tels que des rivières ou des routes. Réponse : ""pont"".",no error
fr,delete,supprimer,"A ""delete"" is used to remove text or data. Answer: ""delete"".","Un ""delete"" est utilisé pour supprimer du texte ou des données. Réponse : ""supprimer"".","Un ""delete"" est utilisé pour ""___"" du texte ou des données. Réponse : ""supprimer"".",no error
fr,group,groupe,"'A ""group"" is a number of people or things that are located, gathered, or classed together. Answer: ""group"".'","Un ""groupe"" est un certain nombre de personnes ou de choses qui sont situées, rassemblées ou classées ensemble. Réponse : ""groupe"".","Un ""___"" est un certain nombre de personnes ou de choses qui sont situées, rassemblées ou classées ensemble. Réponse : ""groupe"".",no error
fr,talent,talent,"A ""talent"" is a natural aptitude or skill. Answer: ""talent"".","Un ""talent"" est une aptitude ou une compétence naturelle. Réponse : ""talent"".","Un ""___"" est une aptitude ou une compétence naturelle. Réponse : ""talent"".",no error
fr,beauty,beauté,"'""Beauty"" is a characteristic that provides a perceptual experience of pleasure or satisfaction. Answer: ""beauty"".'","La ""beauté"" est une caractéristique qui procure une expérience perceptive de plaisir ou de satisfaction. Réponse : ""beauté"".","La ""___"" est une caractéristique qui procure une expérience perceptive de plaisir ou de satisfaction. Réponse : ""beauté"".",no error
fr,platform,plate-forme,"A ""platform"" is used to support or raise something. Answer: ""platform"".","Une ""plate-forme"" est utilisée pour soutenir ou élever quelque chose. Réponse : ""plate-forme"".","Une ""___"" est utilisée pour soutenir ou élever quelque chose. Réponse : ""plate-forme"".",no error
fr,house,maison,"A ""house"" is a place where people live. Answer: ""house"".","Une ""maison"" est un endroit où les gens vivent. Réponse : ""maison"".","Une ""___"" est un endroit où les gens vivent. Réponse : ""maison"".",no error
fr,sun,soleil,"The ""sun"" is a star at the center of the Solar System that provides light and heat to Earth. Answer: ""sun"".","Le ""soleil"" est une étoile au centre du système solaire qui fournit de la lumière et de la chaleur à la Terre. Réponse : Le ""soleil"".","Le ""___"" est une étoile au centre du système solaire qui fournit de la lumière et de la chaleur à la Terre. Réponse : Le ""soleil"".",no error
fr,meeting,réunion,"A ""meeting"" is a gathering of people for a specific purpose, often for discussion or decision-making. Answer: ""meeting"".","Une ""réunion"" est un rassemblement de personnes dans un but précis, souvent pour discuter ou prendre des décisions. Réponse : ""réunion"".","Une ""___"" est un rassemblement de personnes dans un but précis, souvent pour discuter ou prendre des décisions. Réponse : ""réunion"".",no error
fr,history,histoire,"""The study of past events, particularly in human affairs"" is known as ""history"". Answer: ""history"".","""L'étude des événements passés, en particulier dans le domaine des affaires humaines, est connue sous le nom d'""histoire"". Réponse : ""l'histoire"".","""L'étude des événements passés, en particulier dans le domaine des affaires humaines, est connue sous le nom d'""___"". Réponse : ""l'histoire"".",no error
fr,valley,vallée,"A ""valley"" is a low area between hills or mountains typically with a river running through it. Answer: ""valley"".","Une ""vallée"" est une zone basse entre des collines ou des montagnes, généralement traversée par une rivière. Réponse : ""vallée"".","Une ""___"" est une zone basse entre des collines ou des montagnes, généralement traversée par une rivière. Réponse : ""vallée"".",no error
fr,square,carré,"A ""square"" is a shape with four equal sides and four right angles. Answer: ""square"".","Un ""carré"" est une forme ayant quatre côtés égaux et quatre angles droits. Réponse : ""carré"".","Un ""___"" est une forme ayant quatre côtés égaux et quatre angles droits. Réponse : ""carré"".",no error
fr,generation,génération,"""A ""generation"" is a term used to describe all of the people born and living at about the same time. Answer: ""generation"".""","""Une ""génération"" est un terme utilisé pour décrire toutes les personnes nées et vivant à peu près à la même époque. Réponse : ""génération"".","""Une ""___"" est un terme utilisé pour décrire toutes les personnes nées et vivant à peu près à la même époque. Réponse : ""génération"".",no error
fr,south,sud,"""The ""south"" is a cardinal direction opposite to north. Answer: ""south"".""","""Le ""sud"" est une direction cardinale opposée au nord. Réponse : ""sud"".","""Le ""___"" est une direction cardinale opposée au nord. Réponse : ""sud"".",no error
fr,virtue,vertu,"A ""virtue"" is a quality considered morally good or desirable in a person. Answer: ""virtue"".","Une ""vertu"" est une qualité considérée comme moralement bonne ou souhaitable chez une personne. Réponse : ""vertu"".","Une ""___"" est une qualité considérée comme moralement bonne ou souhaitable chez une personne. Réponse : ""vertu"".",no error
fr,tribe,tribu,"A ""tribe"" is a social division in a traditional society consisting of families or communities linked by social, economic, religious, or blood ties. Answer: ""tribe"".","Une ""tribu"" est une division sociale dans une société traditionnelle composée de familles ou de communautés liées par des liens sociaux, économiques, religieux ou de sang. Réponse : la ""tribu"".","Une ""___"" est une division sociale dans une société traditionnelle composée de familles ou de communautés liées par des liens sociaux, économiques, religieux ou de sang. Réponse : la ""tribu"".",no error
fr,city,ville,"A ""city"" is a large human settlement where people live and work. Answer: ""city"".","Une ""ville"" est un grand établissement humain où les gens vivent et travaillent. Réponse : ""ville"".","Une ""___"" est un grand établissement humain où les gens vivent et travaillent. Réponse : ""ville"".",no error
fr,speed,vitesse,"""A ""speed"" is used to measure how fast something is moving. Answer: ""speed"".""","""Une ""vitesse"" est utilisée pour mesurer la vitesse de déplacement d'un objet. Réponse : ""vitesse"".","""Une ""___"" est utilisée pour mesurer la vitesse de déplacement d'un objet. Réponse : ""vitesse"".",no error
fr,ground,sol,"""A ""ground"" is where we walk and build houses on. Answer: ""ground"".""","""Un ""sol"" est l'endroit où l'on marche et où l'on construit des maisons. Réponse : ""sol"".","""Un ""___"" est l'endroit où l'on marche et où l'on construit des maisons. Réponse : ""sol"".",no error
fr,advance,avancer,"""Advance"" is a term used to describe moving forward or making progress. Answer: ""advance"".","""Avancer"" est un terme utilisé pour décrire le fait d'aller de l'avant ou de faire des progrès. Réponse : ""avancer"".","""___"" est un terme utilisé pour décrire le fait d'aller de l'avant ou de faire des progrès. Réponse : ""avancer"".",no error
fr,attempt,tentative,"An ""attempt"" is made when trying to achieve something. Answer: ""attempt"".","On parle de ""tentative"" lorsqu'on essaie de réaliser quelque chose. Réponse : ""tentative"".","On parle de ""___"" lorsqu'on essaie de réaliser quelque chose. Réponse : ""tentative"".",no error
fr,defeat,défaite,"""A ""defeat"" is experienced when one loses a competition or battle. Answer: ""defeat"".""","""Une ""défaite"" est ressentie lorsque l'on perd une compétition ou une bataille. Réponse : ""défaite"".","""Une ""___"" est ressentie lorsque l'on perd une compétition ou une bataille. Réponse : ""défaite"".",no error
fr,tail,queue,"A ""tail"" is a part of an animal's body that extends from the base of the spine. Answer: ""tail"".","La ""queue"" est la partie du corps d'un animal qui s'étend à partir de la base de la colonne vertébrale. Réponse : la ""queue"".","La ""___"" est la partie du corps d'un animal qui s'étend à partir de la base de la colonne vertébrale. Réponse : la ""queue"".",no error
fr,mother,mère,"A ""mother"" is a woman who has given birth to a child. Answer: ""mother"".","Une ""mère"" est une femme qui a donné naissance à un enfant. Réponse : ""mère"".","Une ""___"" est une femme qui a donné naissance à un enfant. Réponse : ""mère"".",no error
fr,east,est,"""The ""east"" is a cardinal direction opposite of west. Answer: ""east"".""","""L'""est"" est une direction cardinale opposée à l'ouest. Réponse : ""est"".","""L'""___"" est une direction cardinale opposée à l'ouest. Réponse : ""est"".",no error
fr,return,retour,"A ""return"" is used to give back a purchased item. Answer: ""return"".","Un ""retour"" est utilisé pour rendre un article acheté. Réponse : ""retour"".","Un ""___"" est utilisé pour rendre un article acheté. Réponse : ""retour"".",no error
fr,speech,discours,"""A ""speech"" is a formal address or discourse delivered to an audience. Answer: ""speech"".""","""Un ""discours"" est une allocution formelle ou un discours prononcé devant un auditoire. Réponse : ""discours"".","""Un ""___"" est une allocution formelle ou un discours prononcé devant un auditoire. Réponse : ""discours"".",no error
fr,child,enfant,"'A ""child"" is a young human being below the age of puberty. Answer: ""child"".'","Un ""enfant"" est un jeune être humain n'ayant pas atteint l'âge de la puberté. Réponse : ""enfant"".","Un ""___"" est un jeune être humain n'ayant pas atteint l'âge de la puberté. Réponse : ""enfant"".",no error
fr,tower,tour,"A ""tower"" is a tall structure that can be used for various purposes such as observation, communication, or storage. Answer: ""tower"".","Une ""tour"" est une structure haute qui peut être utilisée à diverses fins telles que l'observation, la communication ou le stockage. Réponse : ""tour"".","Une ""___"" est une structure haute qui peut être utilisée à diverses fins telles que l'observation, la communication ou le stockage. Réponse : ""tour"".",no error
fr,household,ménage,"A ""household"" is a term used to describe a residential unit where people live. Answer: ""household"".","Un ""ménage"" est un terme utilisé pour décrire une unité résidentielle où vivent des personnes. Réponse : ""ménage"".","Un ""___"" est un terme utilisé pour décrire une unité résidentielle où vivent des personnes. Réponse : ""ménage"".",no error
fr,person,personne,"'A ""person"" is a human being regarded as an individual. Answer: ""person"".'","Une ""personne"" est un être humain considéré comme un individu. Réponse : ""personne"".","Une ""___"" est un être humain considéré comme un individu. Réponse : ""personne"".",no error
fr,section,section,"A ""section"" is a distinct part or subdivision of something. Answer: ""section"".","Une ""section"" est une partie distincte ou une subdivision de quelque chose. Réponse : ""section"".","Une ""___"" est une partie distincte ou une subdivision de quelque chose. Réponse : ""section"".",no error
fr,office,bureau,"An ""office"" is a place where people usually do their job. Answer: ""office"".","Un ""bureau"" est un endroit où les gens font habituellement leur travail. Réponse : ""bureau"".","Un ""___"" est un endroit où les gens font habituellement leur travail. Réponse : ""bureau"".",no error
fr,rock,roche,"A ""rock"" is a solid mineral material forming part of the surface of the earth. Answer: ""rock"".","Une ""roche"" est un matériau minéral solide faisant partie de la surface de la terre. Réponse : ""roche"".","Une ""___"" est un matériau minéral solide faisant partie de la surface de la terre. Réponse : ""roche"".",no error
fr,rise,hausse,"""A ""rise"" is used to describe an increase or upward movement. Answer: ""rise"".""","""Une ""hausse"" est utilisée pour décrire une augmentation ou un mouvement vers le haut. Réponse : ""hausse"".","""Une ""___"" est utilisée pour décrire une augmentation ou un mouvement vers le haut. Réponse : ""hausse"".",no error
fr,left,gauche,"'A ""left"" is a direction opposite to right. Answer: ""left"".'","Une ""gauche"" est une direction opposée à la droite. Réponse : ""gauche"".","Une ""___"" est une direction opposée à la droite. Réponse : ""gauche"".",no error
fr,sound,son,"A ""sound"" is something we hear. Answer: ""sound"".","Un ""son"" est quelque chose que l'on entend. Réponse : ""son"".","Un ""___"" est quelque chose que l'on entend. Réponse : ""son"".",no error
fr,power,pouvoir,"""A ""power"" is used to control or influence people or things. Answer: ""power"".""","""Un ""pouvoir"" est utilisé pour contrôler ou influencer des personnes ou des choses. Réponse : ""pouvoir"".","""Un ""___"" est utilisé pour contrôler ou influencer des personnes ou des choses. Réponse : ""pouvoir"".",no error
fr,summer,été,"""The ""summer"" is a season known for its warm weather. Answer: ""summer"".""","""L'""été"" est une saison connue pour son temps chaud. Réponse : ""l'été"".","""L'""___"" est une saison connue pour son temps chaud. Réponse : ""l'été"".",no error
